chr,bp38,rs,observed,dbsnp142annot,requested,"C57BL/6J","129S1/SvImJ","A/J","CAST/EiJ","NOD/ShiLtJ","NZO/HlLtJ","WSB/EiJ","PWK/PhJ",
17,55785060,"rs49204682","A/G","Cn:Adgre4:VI:107","17:55-72",G,G,G,G,G,G,G,A,
17,55866030,"rs230977634","A/G","Cn:Zfp119a:SL:271","17:55-72",G,G,G,G,G,G,G,A,
17,55866429,"rs236509008","C/T","Cn:Zfp119a:CY:138 U5:Zfp119a","17:55-72",C,C,C,C,C,C,C,T,
17,55891934,"rs51605542","A/G","Cn:Zfp959:GD:19 U5:Zfp959","17:55-72",G,G,G,G,G,G,G,A,
17,55892843,"rs224237839","A/T","I:Zfp959 Cn:Zfp959:NY:132 U5:Zfp959","17:55-72",A,A,A,A,A,A,A,T,
17,55898126,"rs583046204","A/G","Cn:Zfp959:MV:388","17:55-72",A,A,A,A,A,A,A,G,
17,55938614,"rs50680502","A/C","Cn:Zfp119b:SI:492","17:55-72",C,C,C,C,C,C,C,A,
17,55938804,"rs51727321","C/T","Cn:Zfp119b:SG:429","17:55-72",T,T,T,T,T,T,T,C,
17,55939376,"rs585704846","C/T","Cn:Zfp119b:YC:238","17:55-72",T,T,T,T,T,T,T,C,
17,55939424,"rs580016689","A/G","Cn:Zfp119b:TI:222","17:55-72",G,G,G,G,G,G,G,A,
17,55939436,"rs582320253","C/G","Cn:Zfp119b:GA:218","17:55-72",C,C,C,C,C,C,C,G,
17,55939517,"rs580409922","C/T","Cn:Zfp119b:RQ:191","17:55-72",C,C,C,C,C,C,C,T,
17,55939523,"rs583267071","A/G","Cn:Zfp119b:PL:189","17:55-72",G,G,G,G,G,G,G,A,
17,55939746,"rs108660792","C/T","Cn:Zfp119b:VM:115","17:55-72",C,C,C,,C,C,C,T,
17,55939821,"rs257103582","G/T","Cn:Zfp119b:TP:90","17:55-72",T,T,T,,T,T,T,G,
17,55999748,"rs49098692","C/G","Cn:Stap2:AG:275 NC:Stap2","17:55-72",G,G,G,G,G,G,G,C,
17,56064227,"rs238206509","C/T","Cn:Chaf1a:AV:704","17:55-72",C,C,C,C,C,C,C,T,
17,56064253,"rs256191106","C/T","Cn:Chaf1a:HY:713","17:55-72",C,C,C,C,C,C,C,T,
17,56067525,"rs51626480","C/T","Cn:Chaf1a:IT:904","17:55-72",T,T,T,T,T,T,T,C,
17,56068636,"rs48345088","G/T","Cn:Ubxn6:ED:416","17:55-72",T,T,T,T,T,T,T,G,
17,56097913,"rs52053389","A/C","Cn:Hdgfrp2:PQ:424","17:55-72",C,C,C,C,C,C,C,A,
17,56098488,"rs50644208","C/G","Cn:Hdgfrp2:VL:450","17:55-72",G,G,G,G,G,G,G,C,
17,56103803,"rs49732858","A/C","Cn:Plin4:LR:1076 NC:Plin4","17:55-72",A,A,A,A,A,A,A,C,
17,56104476,"rs584113414","C/T","Cn:Plin4:VM:852 NC:Plin4","17:55-72",C,C,C,C,C,C,C,T,
17,56104575,"rs580313248","C/T","Cn:Plin4:VM:819 NC:Plin4","17:55-72",C,C,C,C,C,C,C,T,
17,56107011,"rs579270082","C/T","Cn:Plin4:AT:205 NC:Plin4","17:55-72",C,C,C,C,C,C,C,T,
17,56107023,"rs242502652","C/T","Cn:Plin4:AT:201 NC:Plin4","17:55-72",C,C,C,C,C,C,C,T,
17,56107050,"rs234679509","C/G","Cn:Plin4:VL:192 NC:Plin4","17:55-72",C,C,C,C,C,C,C,G,
17,56116873,"rs46572098","C/T","Cn:Plin5:TA:21","17:55-72",T,T,T,T,T,T,T,C,
17,56120669,"rs13467361","C/T","Cn:Lrg1:SF:101","17:55-72",G,G,G,G,G,G,G,A,
17,56171977,"rs258159869","A/G","Cn:Tnfaip8l1:RQ:89","17:55-72",G,G,G,G,G,G,G,A,
17,56271213,"rs230601323","C/T","Cn:Ticam1:SN:294","17:55-72",C,C,C,C,C,C,C,T,
17,56287841,"rs47491025","C/T","Cn:Plin3:DN:7","17:55-72",C,C,C,C,C,C,C,T,
17,56386248,"rs254027664","C/T","Cn:Kdm4b:RC:362 I:Gm32715","17:55-72",C,C,C,C,C,C,C,T,
17,56397378,"rs47164455","A/G","Cn:Kdm4b:VI:828","17:55-72",G,G,G,G,G,G,G,A,
17,56565239,"rs50533026","C/T","Cn:Safb2:VM:833 NC:Safb2","17:55-72",C,C,C,C,C,C,C,T,
17,56584498,"rs6153067","A/C","U5:Safb2 Cn:Safb2:VL:55 NC:Safb2","17:55-72",C,C,C,C,C,C,C,A,
17,56584651,"rs52202675","A/T","Cn:Safb2:CS:4 NC:Safb2","17:55-72",A,A,A,A,A,A,A,T,
17,56628000,"rs48845537","A/T","Cn:Catsperd:FL:35 I:Catsperd","17:55-72",T,T,T,T,T,T,T,A,
17,56628032,"rs51204669","G/T","Cn:Catsperd:RL:46 I:Catsperd","17:55-72",G,G,G,G,G,G,G,T,
17,56664264,"rs50247458","A/G","Cn:Catsperd:RH:776","17:55-72",G,G,G,G,G,G,G,A,
17,56751599,"rs258118897","G/T","Cn:Nrtn:AE:134","17:55-72",G,G,G,G,G,G,G,T,
17,56847770,"rs233388344","C/T","Cn:Acsbg2:VM:461 NC:Acsbg2","17:55-72",C,C,C,C,C,C,C,T,
17,56853889,"rs45854505","A/C","Cn:Acsbg2:SA:252 NC:Acsbg2","17:55-72",A,A,A,A,A,A,A,C,
17,56883749,"rs6413084","C/G","Cn:1700061G19Rik:GA:439 Cn:1700061G19Rik:WC:446 NC:1700061G19Rik","17:55-72",G,G,G,G,G,G,G,C,
17,56883849,"rs236939844","A/C","StopG:1700061G19Rik:Y*:472 Cn:1700061G19Rik:PT:480 NC:1700061G19Rik","17:55-72",C,C,C,C,C,C,C,A,
17,57039910,"rs51624304","C/T","Cn:Slc25a41:TA:28","17:55-72",T,T,T,T,T,T,T,C,
17,57073997,"rs213280829","C/T","Cn:Dennd1c:SG:182 NC:Dennd1c","17:55-72",T,T,T,T,T,T,T,C,
17,57074155,"rs264852467","C/T","Cn:Dennd1c:EK:158 NC:Dennd1c","17:55-72",C,C,C,C,C,C,C,T,
17,57076992,"rs220367327","C/T","Cn:Dennd1c:AT:11 NC:Dennd1c","17:55-72",C,C,C,C,C,C,C,T,
17,57107196,"rs51151942","C/G","Cn:Tnfsf9:PA:208","17:55-72",C,C,C,C,C,C,C,G,
17,57146122,"rs50762191","C/G","Cn:Cd70:RG:181","17:55-72",G,G,G,G,G,G,G,C,
17,57146316,"rs237503708","C/T","Cn:Cd70:NS:116","17:55-72",T,T,T,T,T,T,T,C,
17,57204309,"rs215414644","C/T","Cn:C3:KE:1598","17:55-72",T,T,T,T,T,T,T,C,
17,57220936,"rs217187151","C/T","I:C3 Cn:C3:MV:1","17:55-72",T,T,T,T,T,T,T,C,
17,57411070,"rs246897807","C/T","Cn:Adgre1:YH:361 Cn:Emr1:YH:361","17:55-72",T,T,T,T,T,T,T,C,
17,57509163,"rs239253143","C/T","Cn:Vmn2r120:AT:731","17:55-72",C,C,C,C,C,C,C,T,
17,57509274,"rs215267791","C/T","Cn:Vmn2r120:MV:694","17:55-72",T,T,T,T,T,T,T,C,
17,57524511,"rs50573894","A/G","Cn:Vmn2r120:PL:426","17:55-72",G,G,G,G,G,G,G,A,
17,57525058,"rs222283573","A/C","Cn:Vmn2r120:AS:244","17:55-72",C,C,C,C,C,C,C,A,
17,57525910,"rs217036783","C/T","Cn:Vmn2r120:EK:90","17:55-72",C,C,C,C,C,C,C,T,
17,57545245,"rs256625106","C/T","Cn:Vmn2r120:GR:24","17:55-72",C,C,C,C,C,C,C,T,
17,57769630,"rs51073989","A/T","Cn:Cntnap5c:FI:21 NC:Cntnap5c","17:55-72",T,T,T,T,T,T,T,A,
17,58034951,"rs227587497","A/G","Cn:Cntnap5c:IM:212 NC:Cntnap5c","17:55-72",A,A,A,A,A,A,A,G,
17,58967498,"rs50948704","A/C","Cn:Pdzph1:LV:784","17:55-72",A,A,A,A,A,A,A,C,
17,58973290,"rs51774521","C/T","Cn:Pdzph1:KE:666","17:55-72",T,T,T,T,T,T,T,C,
17,58973542,"rs48111058","C/T","Cn:Pdzph1:ND:582","17:55-72",T,T,T,T,T,T,T,C,
17,58973583,"rs47784006","A/G","Cn:Pdzph1:AV:568","17:55-72",G,G,G,G,G,G,G,A,
17,58973658,"rs49921235","A/C","Cn:Pdzph1:SI:543","17:55-72",C,C,C,C,C,C,C,A,
17,58974022,"rs51443075","A/C","Cn:Pdzph1:CG:422","17:55-72",A,A,A,A,A,A,A,C,
17,58974277,"rs259246013","C/G","Cn:Pdzph1:DH:337","17:55-72",C,C,C,C,C,C,C,G,
17,58974390,"rs49307049","A/G","Cn:Pdzph1:AV:299","17:55-72",G,G,G,G,G,G,G,A,
17,58974583,"rs49395505","C/T","Cn:Pdzph1:IV:235","17:55-72",T,T,T,T,T,T,T,C,
17,58975245,"rs224312625","C/T","Cn:Pdzph1:QR:14","17:55-72",T,T,T,T,T,T,T,C,
17,59007719,"rs47579570","A/G/T","Cn:Nudt12:AE:290 Cn:Nudt12::290 I:Nudt12os NC:Nudt12","17:55-72",G,G,G,G,G,G,G,A,
17,59010418,"rs49900726","C/G","Cn:Nudt12:AG:78 I:Nudt12os NC:Nudt12","17:55-72",G,G,G,G,G,G,G,C,
17,59011480,"rs49090149","C/T","I:Nudt12 I:Nudt12os Cn:Nudt12os:MT:1","17:55-72",T,T,T,T,T,T,T,C,
17,63499474,"rs580676964","A/G","Cn:Fbxl17:PS:182 NC:Fbxl17","17:55-72",G,G,G,G,G,G,G,A,
17,63499798,"rs585323475","C/T","Cn:Fbxl17:AT:74 NC:Fbxl17","17:55-72",C,C,C,C,C,C,C,T,
17,64308762,"rs48424470","C/T","Cn:Pja2:RS:379 Cn:Pja2::379","17:55-72",T,T,T,T,T,T,T,C,
17,64309243,"rs49948604","A/C","Cn:Pja2:PH:219","17:55-72",G,G,G,G,G,G,G,T,
17,64309444,"rs241820460","C/T","Cn:Pja2:NS:152","17:55-72",T,T,T,T,T,T,T,C,
17,64309477,"rs215843934","C/T","Cn:Pja2:RH:141","17:55-72",C,C,C,C,C,C,C,T,
17,64309577,"rs45737755","A/G","Cn:Pja2:AT:108","17:55-72",C,C,C,C,C,C,C,T,
17,64712432,"rs241496335","C/T","Cn:Man2a1:PS:764","17:55-72",C,C,C,C,C,C,C,T,
17,64733791,"rs236692120","C/T","Cn:Man2a1:AV:924","17:55-72",C,C,C,C,C,C,C,T,
17,64750865,"rs254598385","C/G","Cn:Man2a1:GR:1089","17:55-72",G,G,G,G,G,G,G,C,
17,65256386,"rs245668062","C/T","Cn:Tmem232:AT:671","17:55-72",C,C,C,C,C,C,C,T,
17,65430986,"rs216012837","C/T","Cn:Tmem232:VI:360 I:Tmem232","17:55-72",C,C,C,C,C,C,C,T,
17,65476722,"rs48884545","C/T","Cn:Tmem232:VM:217 I:Tmem232","17:55-72",C,C,C,C,C,C,C,T,
17,65816017,"rs228721720","A/G","Cn:Ppp4r1:NS:321 NC:Ppp4r1","17:55-72",A,A,A,A,A,A,A,G,
17,65829512,"rs261250500","A/G","Cn:Ppp4r1:DN:555 NC:Ppp4r1","17:55-72",G,G,G,G,G,G,G,A,
17,65948723,"rs235607215","A/G","Cn:Twsg1:LF:19","17:55-72",G,G,G,G,G,G,G,A,
17,65984305,"rs222914225","C/T","Cn:Ankrd12:IV:1378","17:55-72",T,T,T,T,T,T,T,C,
17,66138937,"rs242454443","A/G","I:Ddx11 Cn:Ddx11:VM:420","17:55-72",G,G,G,G,G,G,G,A,
17,66342864,"rs241382100","C/T","Cn:Mtcl1:TA:1869","17:55-72",T,T,T,T,T,T,T,C,
17,66379683,"rs47494793","C/T","Cn:Mtcl1:AT:743","17:55-72",C,C,C,C,C,C,C,T,
17,66413723,"rs580595913","A/G","I:Mtcl1 Cn:Gm4705:RC:88","17:55-72",G,G,G,G,G,G,G,A,
17,66448498,"rs258467624","A/G","Cn:Mtcl1:TI:283","17:55-72",G,G,G,G,G,G,G,A,
17,66448895,"rs238291020","A/G","Cn:Mtcl1:PS:151","17:55-72",G,G,G,G,G,G,G,A,
17,66449312,"rs256129444","A/C","Cn:Mtcl1:AS:12","17:55-72",C,C,C,C,C,C,C,A,
17,66519145,"rs262686365","A/G","I:Rab12 Cn:Rab12:AV:163 I:LOC105246304","17:55-72",G,G,G,G,G,G,G,A,
17,66519245,"rs235959459","A/G","I:Rab12 Cn:Rab12:RW:130 I:LOC105246304","17:55-72",G,G,G,G,G,G,G,A,
17,66555277,"rs47143645","A/G","Cn:Themis3:VA:562","17:55-72",A,A,A,A,A,A,A,G,
17,66555877,"rs51103426","C/T","Cn:Themis3:QR:362","17:55-72",T,T,T,T,T,T,T,C,
17,66555899,"rs51741153","C/G","Cn:Themis3:EQ:355","17:55-72",C,C,C,C,C,C,C,G,
17,66732290,"rs45947778","G/T","I:Ptprm Cn:Ptprm:AD:1026","17:55-72",G,G,G,G,G,G,G,T,
17,67737474,"rs225977527","A/G","Cn:Lama1:VI:123","17:55-72",G,G,G,G,G,G,G,A,
17,67745878,"rs243765378","A/G","Cn:Lama1:RH:402","17:55-72",G,G,G,G,G,G,G,A,
17,67746857,"rs219039449","C/G","Cn:Lama1:RS:464","17:55-72",G,G,G,G,G,G,G,C,
17,67748150,"rs234786131","A/G","Cn:Lama1:GD:517","17:55-72",G,G,G,G,G,G,G,A,
17,67875631,"rs51413453","C/G","Cn:Arhgap28:AP:256","17:55-72",C,C,C,C,C,C,C,G,
17,68774290,"rs46904977","G/T","Cn:L3mbtl4:CG:558 NC:L3mbtl4","17:55-72",T,T,T,T,T,T,T,G,
17,68841207,"rs246879560","A/G","Cn:Tmem200c:VM:262","17:55-72",G,G,G,G,G,G,G,A,
17,68841502,"rs252667548","A/C","Cn:Tmem200c:TN:360","17:55-72",C,C,C,C,C,C,C,A,
17,68841775,"rs234372107","C/T","Cn:Tmem200c:AV:451","17:55-72",C,C,C,C,C,C,C,T,
17,69265914,"rs51396719","A/G","I:Epb41l3 Cn:Epb4.1l3:GR:596 I:Epb4.1l3","17:55-72",G,G,G,G,G,G,G,A,
17,69265972,"rs251819804","A/C","I:Epb41l3 Cn:Epb4.1l3:PH:615 I:Epb4.1l3","17:55-72",C,C,C,C,C,C,C,A,
17,69281550,"rs229892220","A/C","I:Epb41l3 Cn:Epb4.1l3:PQ:938 I:Epb4.1l3","17:55-72",C,C,C,C,C,C,C,A,
17,69487282,"rs255507985","A/G","Cn:A330050F15Rik:GS:49","17:55-72",G,G,G,G,G,G,G,A,
17,71036393,"rs251872548","C/G","Cn:Myom1:ST:195 NC:Myom1","17:55-72",G,G,G,,G,G,G,C,
17,71077422,"rs221605897","A/G","Cn:Myom1:VI:711 NC:Myom1","17:55-72",G,G,G,G,G,G,G,A,
17,71101004,"rs47889550","A/G","Cn:Myom1:TA:1080","17:55-72",A,A,A,A,A,A,A,G,
17,71274541,"rs231447427","C/G","Cn:Emilin2:AP:397","17:55-72",C,C,C,C,C,C,C,G,
17,71700603,"rs230573424","G/T","Cn:Fam179a:ED:381","17:55-72",G,G,G,G,G,G,G,T,
17,71700634,"rs215942502","C/T","Cn:Fam179a:RW:392","17:55-72",C,C,C,C,C,C,C,T,
17,71751233,"rs241029305","C/T","Cn:BC027072:SN:483","17:55-72",C,C,C,C,C,C,C,T,
17,71751998,"rs264987186","C/T","Cn:BC027072:SN:228","17:55-72",C,C,C,C,C,C,C,T,
17,71806614,"rs256744289","A/G","Cn:Clip4:DG:253 NC:Clip4","17:55-72",A,A,A,A,A,A,A,G,

